polinomio,a,b,c,d
1,1,-3.00000000000001,1.00000000000001,6.99999999999999
2,-1,9,-23,23
