Iteration,xi,fxi,Error
0,0,-3,1.0000001
0,0,-0.0209943140399475,1.10526315789474
1,1.10526315789474,-1.89640417368561e-05,0.102181493796124
2,1.00308166409861,-1.13430127650276e-11,0.0030792826047259
3,1.00000238149389,-4.02131667754396e-24,2.38149246944985e-06
4,1.00000000000142,0,1.41797684705125e-12
