Iteration,xi,fxi,Error
0,1,0.45969769413186,1.000005
0,1,-0.0141172927157276,0.269365901312856
1,0.730634098687144,-2.67618274858439e-05,0.00843504401079331
2,0.739069142697938,-9.44933020718963e-11,1.59904607621719e-05
3,0.7390851331587,0,5.64607249842197e-11
