Iteration,xi,fxi,Error
0,1,1.8414709848079,1.0000001
0,1,0.55009040040761,0.723194118590704
1,0.276805881409296,0.0139257116401805,0.269842997458205
2,0.00696288395109035,2.250463640701e-07,0.00696277142790831
3,1.1252318203505e-07,9.79381845262785e-22,1.1252318203505e-07
4,4.89690922631392e-22,0,4.89690922631392e-22
