Iteracion,x_1,x_2,x_3,Error
0,0,0,0,1.000005
1,2.5,-0.375,1.40625,1
2,2.40625,-0.046875,1.48828125,0.136363636363636
3,2.48828125,-0.005859375,1.49853515625,0.032967032967033
4,2.49853515625,-0.000732421875,1.49981689453125,0.00410396716826265
5,2.49981689453125,-9.1552734375e-05,1.49997711181641,0.000512732866176722
6,2.49997711181641,-1.1444091796875e-05,1.49999713897705,6.40875008010938e-05
7,2.49999713897705,-1.43051147460938e-06,1.49999964237213,8.01087342552959e-06
8,2.49999964237213,-1.78813934326172e-07,1.49999995529652,1.001358175472e-06
